{"cameraMode":{"drawMode":0,"name":"Shaded","section":"Shading Mode"},"sceneLighting":true,"audioPlay":false,"sceneViewState":{"showFog":true,"showMaterialUpdate":false,"showSkybox":true,"showFlares":true,"showImageEffects":true,"showParticleSystems":true},"in2DMode":false,"pivot":{"x":-0.289276123046875,"y":-0.49672603607177737,"z":-4.32169246673584},"rotation":{"x":-0.17264288663864137,"y":0.7061892151832581,"z":-0.18431931734085084,"w":-0.6614530086517334},"size":11.117115020751954,"orthographic":false}