{"cameraMode":{"drawMode":0,"name":"Shaded","section":"Shading Mode"},"sceneLighting":false,"audioPlay":false,"sceneViewState":{"showFog":true,"showMaterialUpdate":false,"showSkybox":false,"showFlares":true,"showImageEffects":true,"showParticleSystems":true},"in2DMode":false,"pivot":{"x":-0.022626876831054689,"y":0.03237873688340187,"z":-0.04232621192932129},"rotation":{"x":-0.039843566715717319,"y":0.4147428274154663,"z":-0.018180914223194124,"w":-0.9088855981826782},"size":0.24494892358779908,"orthographic":false}